first_name,last_name,job_title,department,email,address,phone_number,salary,password
Mario,Daniels,Electronics engineer,Corporate investment banker,duncanrebecca@example.com,Scottfort,(272)345-0025,2968,Vc5AKv7w
Amy,Reese,Seismic interpreter,"Editor, commissioning",ifry@example.org,Port Jon,555-780-1031x79190,78915,3VgUXbRd
Tracy,Dunn,"Buyer, retail",IT consultant,karen25@example.org,Muellerfort,573-749-8529x4111,48090,Amlsoz3s
Edward,Donovan,Associate Professor,Learning mentor,diane70@example.com,Nathantown,+1-733-504-8251x841,71087,EJ7RZBiJ
Matthew,Ramos,Biomedical engineer,Musician,katelynrollins@example.org,Millerburgh,8815558803,54467,jM2tVUvU
William,Moore,Planning and development surveyor,Financial manager,ybrown@example.net,Millermouth,249.911.9551x9320,31297,6g4uo6MV
James,Hernandez,Equities trader,"Conservator, museum/gallery",amy99@example.org,East Jeffery,+1-754-729-6749x0705,51023,j1qx30ii
Bobby,Anderson,Chartered management accountant,"Designer, multimedia",dennisjoseph@example.org,Port Dennisside,693.639.6717,44477,wvKCfhAC
Kevin,Boyd,"Administrator, sports",Financial trader,tylerheather@example.org,Dannybury,296-586-0242x787,37704,eZMzp40M
Joseph,Yang,Drilling engineer,Professor Emeritus,reesejason@example.com,New Josephmouth,9024013403,83602,nQ3HIoEx
Sandra,Allen,Magazine journalist,Pathologist,nathancraig@example.org,South Deborahbury,(358)818-8690x6465,97333,MgzdTnKx
Sarah,Brown,Banker,Leisure centre manager,rebekahskinner@example.org,Thomasside,(983)610-6714x6679,90891,xwK6C0Bd
Tony,Casey,Consulting civil engineer,Clinical biochemist,andreaward@example.net,Kimberlyfort,(583)360-2136,52173,v1hcQltn
Kimberly,Novak,Education administrator,Midwife,gmorrison@example.org,Mariaside,+1-719-946-1842x377,62627,iqaOznWg
Nicholas,Barron,Sports development officer,Industrial buyer,vmartin@example.com,Millsstad,972.637.6556,88250,sOFm5m0x
Ashley,Sexton,Clinical molecular geneticist,"Biochemist, clinical",stevengardner@example.net,Johnsonburgh,(201)357-1977x82184,23799,Ou9mVQci
Darryl,Howard,Customer service manager,Leisure centre manager,lhowell@example.org,Davidsonfurt,(550)637-2755,2557,3rtBgo8f
Melinda,Garcia,"Psychologist, counselling",Radio broadcast assistant,yjones@example.org,East Tina,(417)571-0245x6041,31146,FL2OnuFi
Cheryl,Morris,Public librarian,Photographer,lucassantos@example.com,Weisschester,(753)617-0272x19360,55966,JDhm5Fpc
Aaron,Webb,"Exhibitions officer, museum/gallery",Economist,smurphy@example.com,South Baileyborough,(782)440-8189,33916,Bs2EJcBu
Rebecca,Reed,Regulatory affairs officer,"Investment banker, corporate",michael46@example.org,Port Natasha,4203762977,77389,IHS7ym2T
Brandon,Swanson,Systems analyst,Recycling officer,lopezmelanie@example.net,South Mary,8754409999,70803,FVC5T8Eh
Rodney,Hill,Licensed conveyancer,Police officer,hunterderek@example.org,Derrickville,001-771-962-8290x74573,4599,SQVQxYaV
Katie,Fletcher,Clinical molecular geneticist,Quantity surveyor,brandtamber@example.com,Cristianchester,(991)280-0493x0788,90732,9dZzYnpi
Caitlin,Brown,Insurance account manager,Data scientist,pryan@example.org,East Christopher,269-204-3166x496,8751,qcsI1PMU
Timothy,Medina,Animator,Politician's assistant,vincent14@example.com,Lake Ginaville,723-896-9396x4726,36975,WDyf9lju
Jessica,King,Chiropodist,Network engineer,geraldvance@example.org,Dillonberg,209-435-5380,12397,ihAJsJi9
Whitney,Lutz,Investment analyst,Risk manager,gwilliams@example.com,West Douglas,4176309024,52626,Whlm2rmt
Brian,Lewis,Research scientist (maths),"Investment banker, corporate",joycescott@example.com,East David,397-378-6414,15347,EIOmd3Qk
Tom,Smith,Investment analyst,Microbiologist,aphillips@example.net,Patriciaview,001-318-489-0969x422,28343,WxYXkzqF
Sharon,Robinson,Careers information officer,Advertising account planner,haynesmary@example.net,Clementsmouth,565-867-1823x89612,14010,DVyk32Bx
Cameron,Carter,Lawyer,IT sales professional,stacybeltran@example.org,Taylorton,001-348-824-4575x6983,77770,2HvsGwoU
Henry,Shepard,"Sound technician, broadcasting/film/video","Engineer, civil (contracting)",williamsdaniel@example.org,North Janice,(232)488-7703,68399,BaDvKLT4
Carlos,Roberts,"Sound technician, broadcasting/film/video","Designer, ceramics/pottery",david86@example.net,Patrickville,(759)507-8614x660,39970,xkzBdcme
Sara,Johnson,Astronomer,Barista,paula67@example.com,Lake Kristinahaven,661.582.2771x597,63120,TOWONtIZ
Misty,Mcdonald,"Engineer, energy","Therapist, nutritional",mwillis@example.com,Port Robinmouth,301.649.3987,8754,hDMl10Za
Laura,Banks,Fitness centre manager,"Designer, multimedia",brandon26@example.org,Leahside,485.978.8844,26838,9tWtNDba
Tony,Burns,Research scientist (maths),Race relations officer,mmckinney@example.com,Grantside,598.426.0656x22786,76367,NIaj1nkl
Allen,Green,"Engineer, aeronautical",Associate Professor,eric04@example.net,Melissaland,838-454-5576x0464,91708,dlWi1VJm
Leslie,Rodriguez,"Teacher, primary school","Scientist, research (maths)",jameslopez@example.org,Wintersmouth,410-303-4118x09515,99060,Ew9wwOkc
Christine,Munoz,Product manager,Company secretary,walterbartlett@example.net,New Jason,001-798-880-5475x95939,45995,6vC0vZQf
Lisa,Barrett,Records manager,Wellsite geologist,vsmith@example.com,Port Linda,599.420.9394x18757,92783,gLnqmP8r
Patricia,Thomas,IT technical support officer,Leisure centre manager,rollinsrobert@example.net,Port Patrick,001-442-975-1543x7006,61998,WhPfPfcu
Jon,Shelton,Firefighter,Child psychotherapist,oherrera@example.net,Kristinamouth,+1-620-305-1681x3949,35367,eRxNMpHd
Donald,Bishop,Heritage manager,Retail merchandiser,crystalferguson@example.org,West Brendaborough,9332807808,60530,KaRJ3DSc
Daniel,Howell,Health visitor,Plant breeder/geneticist,bettygarcia@example.com,Harrisside,(596)876-5970x5229,73680,9D7hJYDf
Jonathan,Escobar,"Pharmacist, community",Health service manager,susanschaefer@example.org,Torresmouth,848-582-9272x8248,18825,rdH9ySBv
Rodney,Brown,"Accountant, chartered public finance",Firefighter,cmoore@example.org,North Christopher,448.656.1788x203,34707,L9y1orsZ
Corey,Ward,Museum/gallery curator,Consulting civil engineer,debra09@example.com,East Mary,456-882-0447,44383,q8HcDyp6
Nicole,Elliott,Bonds trader,Ecologist,maria39@example.com,West Deborahport,688.266.8085,6573,uvasUd91
Todd,Estrada,Fitness centre manager,Research scientist (physical sciences),isabellaguerrero@example.com,Abigailbury,+1-311-562-1300x886,41354,r0Focvt7
Amy,Green,Games developer,"Radiographer, diagnostic",tsummers@example.org,Smithton,001-738-337-2643x703,38373,QCIutNbM
Michael,Rodriguez,"Engineer, electrical",Press photographer,sward@example.org,Daleport,001-775-481-6338x76435,35116,54r2fztj
Patrick,Bradford,Immunologist,"Research officer, political party",garciatommy@example.com,Millerhaven,4286248313,86734,7C2rsKRx
James,Richardson,Restaurant manager,"Engineer, electrical",qmyers@example.org,Robertport,(352)733-8270x3550,93020,LSgp8GQo
Rhonda,Carey,Intelligence analyst,Cabin crew,ilevy@example.net,Traceystad,5855254627,41628,nIttimqb
Roger,Lee,Interior and spatial designer,Mudlogger,roberto01@example.com,Rebeccaside,5646086547,3001,CGNoIDOd
Deborah,Wilson,"Accountant, chartered","Scientist, research (maths)",wrightjanice@example.com,New Catherineview,248.678.6764,27138,BbNbFPYR
Daniel,Smith,Aid worker,Regulatory affairs officer,caitlin77@example.org,East Brandon,282.216.2685,86342,9xaOuaU9
Victoria,James,Politician's assistant,"Psychologist, clinical",vargasmisty@example.net,South Troyville,(944)395-9191x691,24572,obK5Xm95
Patricia,Parker,Recruitment consultant,"Programmer, applications",kimberly10@example.net,East Kelseyport,(545)682-3084,83724,J7pQ6EPF
Tiffany,Mosley,Investment analyst,"Secretary, company",xmontoya@example.net,Rachelmouth,521.867.3397,84327,kJ2IdKum
Jonathan,Jones,Recruitment consultant,Corporate treasurer,wmclaughlin@example.com,Hillchester,2929762304,10888,2iZEYisp
Amy,Welch,Make,Early years teacher,lisa36@example.net,Finleytown,(256)605-1572,83688,bf2DaVgd
Taylor,Wilson,Minerals surveyor,Financial manager,thomasmichele@example.net,North Toni,598.372.2354x7050,55789,Z6lGILKe
Michael,Wilson,"Scientist, audiological",Geophysicist/field seismologist,watsonaustin@example.net,Mariefurt,262.939.7555,55368,dz7WkmSy
Hannah,Harris,Secondary school teacher,Financial controller,geoffrey03@example.net,West Maria,001-540-856-5220x4234,24169,jFYsnqua
Kayla,Walls,Web designer,"Surveyor, building control",gibsonbobby@example.com,East Tammy,+1-507-357-1980x194,51326,ENjcunel
Russell,Brewer,Nutritional therapist,"Scientist, audiological",brandoncox@example.org,Colemanbury,336-543-7570x51420,95168,lrB8C98U
Troy,Washington,Corporate investment banker,Charity fundraiser,mitchelljohn@example.com,Riveraside,524.609.1990x97931,20937,hunKfCrd
Linda,Sherman,"Clinical scientist, histocompatibility and immunogenetics",Product manager,mnguyen@example.org,Danielland,(540)629-2668x063,60685,WCwwKNzt
Brian,Palmer,Art therapist,Acupuncturist,kaylee70@example.net,South Travis,+1-338-517-0490x93949,83110,II9obcHZ
Nathaniel,Holt,Brewing technologist,Mining engineer,gromero@example.org,Kevinborough,603.594.3522,94825,vXuvxrnk
Peter,Kim,Fine artist,"Designer, television/film set",cmorrow@example.com,Martinview,(519)758-4311x77491,10720,xmVWy1k3
Adam,Carter,Phytotherapist,Product manager,mary06@example.net,North Nancystad,572.711.8912,57333,zpb9eCaJ
Adam,Norman,Mining engineer,"Presenter, broadcasting",randysmith@example.com,Johnsonshire,871-989-6191x265,64962,J1B0TL1Q
Cory,Peterson,"Surveyor, building",Charity fundraiser,santossarah@example.net,Melissaborough,+1-928-743-8202x216,91647,NS0A8lX6
Christopher,Nichols,Ambulance person,Financial controller,dboyd@example.net,Bowmanview,+1-285-254-2074x37372,59951,STsWFDha
Jonathan,Taylor,Police officer,Insurance claims handler,nguyenjoseph@example.net,New Kelly,+1-897-225-0992x6952,67132,6aO0ONjN
Stuart,Jones,Technical brewer,"Engineer, electronics",jeffery41@example.org,Hensleytown,405.874.8832,82209,gbvFLooV
Denise,Lee,Housing manager/officer,Chief Marketing Officer,gutierrezbrittany@example.net,Lake Erica,990-512-3073x0306,64111,gxWhoIpK
Holly,Jones,"Engineer, agricultural",Chiropractor,cmccoy@example.net,South Erica,673.997.0190x123,47672,NXA5kzEm
Joshua,Perry,Multimedia specialist,Diagnostic radiographer,joan25@example.org,Jonesside,949-367-1575,80033,i33f9kmY
Chelsea,Stewart,"Nurse, learning disability",Printmaker,mhughes@example.net,New Heatherland,897-688-0934x501,37755,FDXVsOnp
Carmen,James,Press photographer,"Doctor, hospital",xgilbert@example.net,Marquezview,001-317-798-1570,79426,v9LESeqv
Reginald,Ortiz,"Producer, television/film/video",Trade mark attorney,caroline22@example.net,Lake Stephanie,001-515-492-3586x471,23622,ujtPtPsV
Daniel,Torres,Location manager,Youth worker,ashley17@example.net,Smithton,4754106693,82696,NZezAARG
Amy,Bauer,Best boy,Records manager,matthew60@example.net,Lake Crystalview,423.484.9784x17121,90902,SekmEuii
Breanna,Smith,Systems developer,Pension scheme manager,jonesjacqueline@example.net,West Maryberg,(791)677-0604x35540,40538,J2Fflrkz
Ricky,Terry,Bookseller,Phytotherapist,susanbryant@example.com,Mccarthytown,222-548-1016,42297,otzfYFxh
Ashley,Pierce,Sales executive,Careers information officer,shawcynthia@example.com,New George,870-538-6452x8861,51641,jx9NxVTZ
Bruce,Johnson,Furniture conservator/restorer,"Designer, blown glass/stained glass",seanvalencia@example.com,Gibsonton,(431)282-6422x80911,62169,DHXqNtDa
Amy,Farmer,Event organiser,Information systems manager,patelsarah@example.com,Port Seth,(638)708-0562x064,71908,3baioLcR
Tiffany,Ellis,Chief of Staff,Adult guidance worker,lynchalicia@example.com,Hallview,(545)728-7630x589,755,qzwjimLb
Anthony,Fischer,Sports administrator,"Editor, commissioning",michael57@example.com,New Tyrone,889.791.9617x6095,85363,gFIJYgjc
Patricia,Summers,Phytotherapist,Psychiatrist,julieklein@example.org,West Joseph,(717)244-6913x75183,91314,pOz4mKi4
Michael,Harris,"Therapist, music",Counselling psychologist,rasmussenlindsay@example.net,Lindafurt,755-495-3016x258,51384,c7EjGDlp
Janet,Hall,"Development worker, international aid",Sports administrator,alice77@example.net,East Kelly,3528351653,59286,pjFpoe1B
Adam,Whitaker,"Physicist, medical",Social researcher,ehernandez@example.net,Lake Katrinaport,(987)515-0163,36725,oZsWsETr
Stephanie,Davis,Public affairs consultant,"Therapist, occupational",yzimmerman@example.com,New Richard,680-947-4148x2702,38098,S7fNwwvP
